LLM,Total-Cost,Per-20USD,Per-Day
GPT 4o,0.009328,2144,71
Mistral Large,"0.006380
",3135,105
Claude 3.5,"0.014664
",1364,46
GPT 4o mini,0.000618,32378,1080
Claude 3 Opus,0.087660,228,7.6
Mistral 2 Large,0.006386,3132,104
Cohere R+,0.009328 ​,2144,71
Cohere R ,0.0011193,17868,596
